Index Name,Date,Open,High,Low,Close
NIFTY SMALLCAP 100,11-Mar-25,15009.6,15134.55,14869.1,15075.9
NIFTY SMALLCAP 100,10-Mar-25,15525.45,15663.9,15131.85,15198.15
NIFTY SMALLCAP 100,07-Mar-25,15420.15,15614.15,15379.25,15504.3
NIFTY SMALLCAP 100,06-Mar-25,15342.45,15457.55,15277.05,15400.35
NIFTY SMALLCAP 100,05-Mar-25,14764.65,15211.75,14764.65,15199.1
NIFTY SMALLCAP 100,04-Mar-25,14469.6,14867.45,14389.95,14762.6
NIFTY SMALLCAP 100,03-Mar-25,14740.9,14825.3,14299.8,14660.85
NIFTY SMALLCAP 100,28-Feb-25,15006.9,15051.45,14617.65,14700.2
NIFTY SMALLCAP 100,27-Feb-25,15426.95,15460.75,15097.85,15156.6
NIFTY SMALLCAP 100,25-Feb-25,15462.95,15606.05,15377,15408.6
NIFTY SMALLCAP 100,24-Feb-25,15502.7,15601.75,15317.4,15477.3
NIFTY SMALLCAP 100,21-Feb-25,15730.4,15982.05,15566.05,15636.9
NIFTY SMALLCAP 100,20-Feb-25,15474.5,15768.05,15417.2,15747.7
NIFTY SMALLCAP 100,19-Feb-25,15058,15579.15,14976.3,15525.9
NIFTY SMALLCAP 100,18-Feb-25,15422,15452.8,15038.4,15168.45
NIFTY SMALLCAP 100,17-Feb-25,15291.95,15512.45,15044.4,15413.1
NIFTY SMALLCAP 100,14-Feb-25,16013.45,16033,15254.1,15407.2
NIFTY SMALLCAP 100,13-Feb-25,16024.2,16206,15944.7,15973.85
NIFTY SMALLCAP 100,12-Feb-25,16034.85,16122.45,15490.1,16033
NIFTY SMALLCAP 100,11-Feb-25,16617.05,16632.75,15968.1,16074.35
NIFTY SMALLCAP 100,10-Feb-25,16998.2,17051.15,16562.5,16648.7
NIFTY SMALLCAP 100,07-Feb-25,17014.35,17106.7,16838.2,17006.85
NIFTY SMALLCAP 100,06-Feb-25,17173.65,17190.6,16989.85,17056.75
NIFTY SMALLCAP 100,05-Feb-25,16863.2,17148.65,16862.2,17108.5
NIFTY SMALLCAP 100,04-Feb-25,16752.35,16837.85,16617.25,16798.5
NIFTY SMALLCAP 100,03-Feb-25,16801.95,16876.9,16544.75,16617.6
NIFTY SMALLCAP 100,01-Feb-25,16959.7,17128,16678.9,16979.75
NIFTY SMALLCAP 100,31-Jan-25,16617.85,16922.8,16573.75,16910.5
NIFTY SMALLCAP 100,30-Jan-25,16668,16780.75,16505.05,16560.5
NIFTY SMALLCAP 100,29-Jan-25,16017.55,16560.9,16013.1,16540.55
NIFTY SMALLCAP 100,28-Jan-25,16318.15,16348.2,15684.6,16008.5
NIFTY SMALLCAP 100,27-Jan-25,16768.6,16772.4,16178.9,16304.25
NIFTY SMALLCAP 100,24-Jan-25,17373.05,17418.45,16906.65,16956.05
NIFTY SMALLCAP 100,23-Jan-25,17157.35,17472.65,17079.9,17364.55
NIFTY SMALLCAP 100,22-Jan-25,17485.4,17498.5,16915.35,17172.55
NIFTY SMALLCAP 100,21-Jan-25,17909.45,17941.25,17428.3,17456.5
NIFTY SMALLCAP 100,20-Jan-25,17731.1,17877.6,17603.6,17864.65
NIFTY SMALLCAP 100,17-Jan-25,17637.9,17704,17490.05,17672.05
NIFTY SMALLCAP 100,16-Jan-25,17517.7,17692.65,17516.1,17643.3
NIFTY SMALLCAP 100,15-Jan-25,17350.85,17507.55,17162.45,17353.95
NIFTY SMALLCAP 100,14-Jan-25,17014.75,17296.4,16965.5,17257.8
NIFTY SMALLCAP 100,13-Jan-25,17407.7,17531.15,16808.7,16922.1
NIFTY SMALLCAP 100,10-Jan-25,18100.5,18115.05,17628.95,17645.55
NIFTY SMALLCAP 100,09-Jan-25,18366.3,18395.2,18096.05,18118.35
NIFTY SMALLCAP 100,08-Jan-25,18714.1,18730.35,18238.6,18365.65
NIFTY SMALLCAP 100,07-Jan-25,18462,18698.9,18459.75,18673.45
NIFTY SMALLCAP 100,06-Jan-25,19096.8,19114.3,18385.7,18425.25
NIFTY SMALLCAP 100,03-Jan-25,19120.35,19224.95,19009.45,19033.7
NIFTY SMALLCAP 100,02-Jan-25,19012.8,19089.55,18932.35,19080.35
NIFTY SMALLCAP 100,01-Jan-25,18781.9,18989,18753.65,18959.8
NIFTY SMALLCAP 100,31-Dec-24,18596.35,18822.3,18472.75,18769.2
NIFTY SMALLCAP 100,30-Dec-24,18762.35,18787.35,18561.1,18639.95
NIFTY SMALLCAP 100,27-Dec-24,18775.3,18822.7,18705.25,18755.85
NIFTY SMALLCAP 100,26-Dec-24,18760.55,18808.6,18608.4,18728.65
NIFTY SMALLCAP 100,24-Dec-24,18704.9,18823,18586.1,18732.65
NIFTY SMALLCAP 100,23-Dec-24,18822.5,18871.45,18546.45,18687.8
NIFTY SMALLCAP 100,20-Dec-24,19201.4,19241.95,18672.6,18714.3
NIFTY SMALLCAP 100,19-Dec-24,18861.05,19163.6,18856.55,19133.1
NIFTY SMALLCAP 100,18-Dec-24,19410.45,19443.45,19164.2,19230.35
NIFTY SMALLCAP 100,17-Dec-24,19563.15,19598.35,19371.1,19398.45
NIFTY SMALLCAP 100,16-Dec-24,19435.6,19575.5,19430.4,19531.05
NIFTY SMALLCAP 100,13-Dec-24,19425,19439.35,19047.85,19407.3
NIFTY SMALLCAP 100,12-Dec-24,19694,19716.2,19447.7,19466.55
NIFTY SMALLCAP 100,11-Dec-24,19631.35,19698.95,19610.85,19657.35
NIFTY SMALLCAP 100,10-Dec-24,19575.25,19634.8,19516.45,19583.2
NIFTY SMALLCAP 100,09-Dec-24,19521.55,19578.75,19456.85,19528.6
NIFTY SMALLCAP 100,06-Dec-24,19377.55,19514.9,19285.9,19492.1
NIFTY SMALLCAP 100,05-Dec-24,19259.65,19352.9,19202.5,19333.55
NIFTY SMALLCAP 100,04-Dec-24,19077.5,19199.35,19008.35,19173.55
NIFTY SMALLCAP 100,03-Dec-24,18904.15,19033,18894.45,19003.55
NIFTY SMALLCAP 100,02-Dec-24,18666.8,18853.85,18593.75,18845.05
NIFTY SMALLCAP 100,29-Nov-24,18546.05,18666.15,18491.55,18650.95
NIFTY SMALLCAP 100,28-Nov-24,18579.35,18712.35,18468.1,18511.55
NIFTY SMALLCAP 100,27-Nov-24,18327.1,18518.35,18269.6,18502.85
NIFTY SMALLCAP 100,26-Nov-24,18161.4,18288.4,18145,18265.3
NIFTY SMALLCAP 100,25-Nov-24,18055.1,18154.3,18041.2,18115.85
NIFTY SMALLCAP 100,22-Nov-24,17652.65,17797.75,17564.25,17755.55
NIFTY SMALLCAP 100,21-Nov-24,17676.9,17707.05,17432.15,17596.6
NIFTY SMALLCAP 100,19-Nov-24,17593.9,17893.05,17591.6,17677.35
NIFTY SMALLCAP 100,18-Nov-24,17641.65,17695.7,17367.45,17507.25
NIFTY SMALLCAP 100,14-Nov-24,17500.7,17749.15,17497.1,17601.05
NIFTY SMALLCAP 100,13-Nov-24,17903.35,17941.15,17431.5,17458.9
NIFTY SMALLCAP 100,12-Nov-24,18261.95,18391.25,17950.05,17991.6
NIFTY SMALLCAP 100,11-Nov-24,18382.6,18416.45,18204.45,18225.15
NIFTY SMALLCAP 100,08-Nov-24,18783.25,18797.35,18401.15,18445.6
NIFTY SMALLCAP 100,07-Nov-24,18976.05,19031.9,18740.75,18763.85
NIFTY SMALLCAP 100,06-Nov-24,18592.5,18921.4,18550.35,18906.1
NIFTY SMALLCAP 100,05-Nov-24,18370.4,18524.15,18248.6,18503.45
NIFTY SMALLCAP 100,04-Nov-24,18773.15,18789.55,18308.15,18424.65
NIFTY SMALLCAP 100,01-Nov-24,18764.95,18862.25,18738.85,18794.9
NIFTY SMALLCAP 100,31-Oct-24,18390.45,18630,18316.95,18602.6
NIFTY SMALLCAP 100,30-Oct-24,18231.3,18454.7,18183.2,18390.9
NIFTY SMALLCAP 100,29-Oct-24,18099.2,18227.3,17870.65,18198.95
NIFTY SMALLCAP 100,28-Oct-24,17912.3,18139.1,17734.15,18062.3
NIFTY SMALLCAP 100,25-Oct-24,18292.35,18352.85,17670.9,17847.9
NIFTY SMALLCAP 100,24-Oct-24,18332.25,18426.1,18210.85,18249.15
NIFTY SMALLCAP 100,23-Oct-24,18034.95,18459.2,17816.65,18286.2
NIFTY SMALLCAP 100,22-Oct-24,18777.6,18782.4,18025.45,18061
NIFTY SMALLCAP 100,21-Oct-24,19166.9,19181.5,18765.8,18797.4
NIFTY SMALLCAP 100,18-Oct-24,18957.75,19102.65,18645.4,19077.8
NIFTY SMALLCAP 100,17-Oct-24,19374.9,19391.9,19039.5,19065.95
NIFTY SMALLCAP 100,16-Oct-24,19279.25,19346.85,19178.25,19304.9
NIFTY SMALLCAP 100,15-Oct-24,19179.55,19318.6,19149.3,19302.05
NIFTY SMALLCAP 100,14-Oct-24,19074.25,19105.75,18992.2,19090.55
NIFTY SMALLCAP 100,11-Oct-24,18950.15,19064.1,18894.5,19008.8
NIFTY SMALLCAP 100,10-Oct-24,18976.6,19018.3,18884.15,18900
NIFTY SMALLCAP 100,09-Oct-24,18718.45,18940.7,18716.8,18864.6
NIFTY SMALLCAP 100,08-Oct-24,18208.55,18658.8,18097.45,18617.65
NIFTY SMALLCAP 100,07-Oct-24,18840.6,18907.45,18102.05,18242.85
NIFTY SMALLCAP 100,04-Oct-24,18934.75,19042,18566.6,18758.65
NIFTY SMALLCAP 100,03-Oct-24,19031.15,19229.15,18878.85,18952.6
NIFTY SMALLCAP 100,01-Oct-24,19230.45,19349.5,19222.55,19331.3
NIFTY SMALLCAP 100,30-Sep-24,19249.9,19290.35,19079.1,19179.65
NIFTY SMALLCAP 100,27-Sep-24,19314.25,19401.85,19210.9,19242
NIFTY SMALLCAP 100,26-Sep-24,19432.95,19438.5,19211.15,19261.3
NIFTY SMALLCAP 100,25-Sep-24,19493.8,19508,19312.9,19357.75
NIFTY SMALLCAP 100,24-Sep-24,19608.2,19615.25,19426.9,19440.05
NIFTY SMALLCAP 100,23-Sep-24,19480,19566.75,19403.8,19548.9
NIFTY SMALLCAP 100,20-Sep-24,19267.2,19385.3,19189.5,19332.15
NIFTY SMALLCAP 100,19-Sep-24,19511.55,19567.3,18885.75,19144.85
NIFTY SMALLCAP 100,18-Sep-24,19484,19555.25,19293.25,19389.75
NIFTY SMALLCAP 100,17-Sep-24,19603.4,19606.95,19429.05,19465.55
NIFTY SMALLCAP 100,16-Sep-24,19604.85,19632.85,19441.75,19537.75
NIFTY SMALLCAP 100,13-Sep-24,19445.25,19526.35,19405,19505.95
NIFTY SMALLCAP 100,12-Sep-24,19278.9,19377.45,19218.1,19354.75
NIFTY SMALLCAP 100,11-Sep-24,19363,19417.35,19140.05,19161.85
NIFTY SMALLCAP 100,10-Sep-24,19193.3,19332.15,19192,19317.4
NIFTY SMALLCAP 100,09-Sep-24,19237.9,19243.25,18897.3,19097.4
NIFTY SMALLCAP 100,06-Sep-24,19570,19640.6,19255.7,19276.05
NIFTY SMALLCAP 100,05-Sep-24,19395.85,19595.35,19392.35,19520.95
NIFTY SMALLCAP 100,04-Sep-24,19162.45,19457.55,19114.15,19322.25
NIFTY SMALLCAP 100,03-Sep-24,19297.2,19378.95,19291.2,19326.7
NIFTY SMALLCAP 100,02-Sep-24,19395.5,19405.05,19209.25,19244.3
NIFTY SMALLCAP 100,30-Aug-24,19335.35,19386.5,19222.5,19307.1
NIFTY SMALLCAP 100,29-Aug-24,19354.25,19384.3,19116.45,19214.55
NIFTY SMALLCAP 100,28-Aug-24,19401.9,19440.05,19294.8,19319.75
NIFTY SMALLCAP 100,27-Aug-24,19183.65,19349.25,19151.1,19333.3
NIFTY SMALLCAP 100,26-Aug-24,19219.75,19249.85,19110.7,19132.25
NIFTY SMALLCAP 100,23-Aug-24,19165.6,19180.2,19033.95,19079.25
NIFTY SMALLCAP 100,22-Aug-24,19158.05,19224.7,19075.5,19099.6
NIFTY SMALLCAP 100,21-Aug-24,18871.75,19078.8,18828.3,19067.35
NIFTY SMALLCAP 100,20-Aug-24,18848.75,18868.75,18761.75,18839.95
NIFTY SMALLCAP 100,19-Aug-24,18577.2,18774.25,18558.1,18752.7
NIFTY SMALLCAP 100,16-Aug-24,18249.8,18450.55,18234.9,18436.85
NIFTY SMALLCAP 100,14-Aug-24,18292,18312.65,17972.8,18087.5
NIFTY SMALLCAP 100,13-Aug-24,18541.15,18543.1,18169.6,18203.65
NIFTY SMALLCAP 100,12-Aug-24,18388.95,18528.9,18236.5,18444.3
NIFTY SMALLCAP 100,09-Aug-24,18518.25,18544.95,18377.55,18410.2
NIFTY SMALLCAP 100,08-Aug-24,18430.15,18505,18285.45,18307.3
NIFTY SMALLCAP 100,07-Aug-24,18189.9,18413.4,17972.4,18383.3
NIFTY SMALLCAP 100,06-Aug-24,18150.65,18366.95,17837.15,17871.35
NIFTY SMALLCAP 100,05-Aug-24,18276.25,18375.75,17844.15,17942
NIFTY SMALLCAP 100,02-Aug-24,18742.9,18942.2,18630.5,18800.6
NIFTY SMALLCAP 100,01-Aug-24,19219.35,19247.6,18880.55,18949.95
NIFTY SMALLCAP 100,31-Jul-24,19234.65,19251.65,19110.7,19137.65
NIFTY SMALLCAP 100,30-Jul-24,19097.9,19251.2,19068.2,19207.55
NIFTY SMALLCAP 100,29-Jul-24,18988.1,19114.1,18977.15,19043.4
NIFTY SMALLCAP 100,26-Jul-24,18726.35,18879,18692.2,18854
NIFTY SMALLCAP 100,25-Jul-24,18574.95,18711.2,18512.9,18673.05
NIFTY SMALLCAP 100,24-Jul-24,18420.15,18748.7,18392.45,18723.5
NIFTY SMALLCAP 100,23-Jul-24,18644.4,18651.7,17559.65,18400.5
NIFTY SMALLCAP 100,22-Jul-24,18265.55,18597.85,18111.65,18563.05
NIFTY SMALLCAP 100,19-Jul-24,18831.15,18835.95,18367.5,18397.75
NIFTY SMALLCAP 100,18-Jul-24,19094,19098.6,18720.85,18829.2
NIFTY SMALLCAP 100,16-Jul-24,19111.2,19180.1,19024.9,19062.4
NIFTY SMALLCAP 100,15-Jul-24,19045.1,19087.6,18853.85,19047.7
NIFTY SMALLCAP 100,12-Jul-24,19009.5,19069.5,18902.2,18949.05
NIFTY SMALLCAP 100,11-Jul-24,18892.45,18936.35,18790.15,18919.65
NIFTY SMALLCAP 100,10-Jul-24,19044.8,19063.45,18414.7,18789.75
NIFTY SMALLCAP 100,09-Jul-24,19037.5,19095.55,18867.4,18956.75
NIFTY SMALLCAP 100,08-Jul-24,19036.65,19107.45,18844.95,18908.4
NIFTY SMALLCAP 100,05-Jul-24,18822.4,18993.6,18795,18941.2
NIFTY SMALLCAP 100,04-Jul-24,18798.8,18827.35,18684.35,18792.95
NIFTY SMALLCAP 100,03-Jul-24,18618.75,18713.35,18569.35,18700.55
NIFTY SMALLCAP 100,02-Jul-24,18653.7,18679.95,18393.25,18509.05
NIFTY SMALLCAP 100,01-Jul-24,18400.05,18600.95,18373.4,18593.65
NIFTY SMALLCAP 100,28-Jun-24,18263.15,18379.4,18259.6,18317.7
NIFTY SMALLCAP 100,27-Jun-24,18330,18403.15,18088.3,18165
NIFTY SMALLCAP 100,26-Jun-24,18298.6,18354.85,18213.8,18288
NIFTY SMALLCAP 100,25-Jun-24,18315.35,18437.65,18222.9,18242.05
NIFTY SMALLCAP 100,24-Jun-24,18174.25,18273.35,18008.9,18217.05
NIFTY SMALLCAP 100,21-Jun-24,18329.05,18400.25,18208.8,18235.05
NIFTY SMALLCAP 100,20-Jun-24,18209.75,18307.75,18105.1,18266.45
NIFTY SMALLCAP 100,19-Jun-24,18326.2,18347.05,17967.8,18155.5
NIFTY SMALLCAP 100,18-Jun-24,18149.9,18263.35,18103.25,18238.55
NIFTY SMALLCAP 100,14-Jun-24,17978.55,18089.15,17883.65,18043.6
NIFTY SMALLCAP 100,13-Jun-24,17909.25,17925.15,17784.3,17908.1
NIFTY SMALLCAP 100,12-Jun-24,17652.4,17809.15,17646.15,17788.3
NIFTY SMALLCAP 100,11-Jun-24,17535.75,17665.55,17455.55,17571.6
NIFTY SMALLCAP 100,10-Jun-24,17362.3,17528.65,17277.75,17475.15
NIFTY SMALLCAP 100,07-Jun-24,16915.5,17226.15,16831.3,17215.55
NIFTY SMALLCAP 100,06-Jun-24,16527.1,16918.6,16524.4,16826.1
NIFTY SMALLCAP 100,05-Jun-24,15872.4,16334.85,15371.9,16289.4
NIFTY SMALLCAP 100,04-Jun-24,17094,17094.15,14966,15692.15
NIFTY SMALLCAP 100,03-Jun-24,17420.55,17424.15,17006.35,17098.7
NIFTY SMALLCAP 100,31-May-24,16692.2,16774.35,16520.85,16696.7
NIFTY SMALLCAP 100,30-May-24,16843.3,16877.25,16582.55,16612.85
NIFTY SMALLCAP 100,29-May-24,16827.8,16954.75,16723.45,16886
NIFTY SMALLCAP 100,28-May-24,17100.6,17116.65,16796.45,16875.6
NIFTY SMALLCAP 100,27-May-24,17000.55,17087.35,16880.15,17019.65
NIFTY SMALLCAP 100,24-May-24,16933.7,17035.2,16865.05,16883
NIFTY SMALLCAP 100,23-May-24,16938.85,16979.25,16863.15,16911.9
NIFTY SMALLCAP 100,22-May-24,17010.15,17025.4,16730.9,16880.5
NIFTY SMALLCAP 100,21-May-24,17036,17040.55,16850.8,16939.85
NIFTY SMALLCAP 100,18-May-24,16945.95,17042.65,16941.25,17009.6
NIFTY SMALLCAP 100,17-May-24,16687.95,16886.55,16682.15,16870.8
NIFTY SMALLCAP 100,16-May-24,16538.9,16621.3,16509.15,16596.4
NIFTY SMALLCAP 100,15-May-24,16447.55,16544.7,16413.85,16457.45
NIFTY SMALLCAP 100,14-May-24,16130.3,16378.35,16117.6,16363.15
NIFTY SMALLCAP 100,13-May-24,16132,16148.35,15717.1,16037.8
NIFTY SMALLCAP 100,10-May-24,16046,16125.1,15782.6,16106.75
NIFTY SMALLCAP 100,09-May-24,16487.75,16524.05,15960.75,15995.7
NIFTY SMALLCAP 100,08-May-24,16331.4,16558.7,16228.95,16461.05
NIFTY SMALLCAP 100,07-May-24,16719.9,16727.35,16254.4,16367.05
NIFTY SMALLCAP 100,06-May-24,17057.65,17063.75,16619.4,16683.15
NIFTY SMALLCAP 100,03-May-24,17128.8,17135.15,16817.4,16936.5
NIFTY SMALLCAP 100,02-May-24,17089.3,17108.25,16996.55,17019.4
NIFTY SMALLCAP 100,30-Apr-24,17119.8,17132.6,16992.45,17011.8
NIFTY SMALLCAP 100,29-Apr-24,17098.6,17121,16971.2,17017.85
NIFTY SMALLCAP 100,26-Apr-24,16956.8,17051.55,16910.75,16981.3
NIFTY SMALLCAP 100,25-Apr-24,16774.1,16899.85,16752.8,16886.8
NIFTY SMALLCAP 100,24-Apr-24,16775.5,16822.6,16728.5,16746.95
NIFTY SMALLCAP 100,23-Apr-24,16587.1,16702.6,16571.85,16687.15
NIFTY SMALLCAP 100,22-Apr-24,16379.45,16502.45,16369.85,16484.2
NIFTY SMALLCAP 100,19-Apr-24,16115.65,16337,15928.5,16270.4
NIFTY SMALLCAP 100,18-Apr-24,16441.95,16543.55,16250.4,16286.35
NIFTY SMALLCAP 100,16-Apr-24,16104.95,16421.65,16065.9,16332.8
NIFTY SMALLCAP 100,15-Apr-24,16131.55,16363.3,15911.85,16211
NIFTY SMALLCAP 100,12-Apr-24,16562.45,16653.3,16473.95,16496.4
NIFTY SMALLCAP 100,10-Apr-24,16500.05,16593.1,16403.75,16571.4
NIFTY SMALLCAP 100,09-Apr-24,16508.6,16556.75,16357.45,16451.9
NIFTY SMALLCAP 100,08-Apr-24,16466.8,16485.6,16360.25,16407.05
NIFTY SMALLCAP 100,05-Apr-24,16229.25,16375.55,16171.05,16355.35
NIFTY SMALLCAP 100,04-Apr-24,16287.75,16335.75,16137.8,16219.35
NIFTY SMALLCAP 100,03-Apr-24,15965.75,16158.9,15932.15,16146.4
NIFTY SMALLCAP 100,02-Apr-24,15834.85,15974.75,15761.3,15960.95
NIFTY SMALLCAP 100,01-Apr-24,15418.25,15785.1,15414.55,15768.4
NIFTY SMALLCAP 100,28-Mar-24,15365.6,15397.15,15251.2,15270.45
NIFTY SMALLCAP 100,27-Mar-24,15175.7,15349.5,15158.25,15263.9
NIFTY SMALLCAP 100,26-Mar-24,15064.55,15170.25,14940.75,15118.35
NIFTY SMALLCAP 100,22-Mar-24,14955.65,15092.95,14918.35,15056.75
NIFTY SMALLCAP 100,21-Mar-24,14762,14980.55,14759.6,14960.3
NIFTY SMALLCAP 100,20-Mar-24,14649.9,14698.75,14396.8,14593.55
NIFTY SMALLCAP 100,19-Mar-24,14776.7,14801.4,14565.2,14586.85
NIFTY SMALLCAP 100,18-Mar-24,14858.1,14927.7,14680.6,14762.15
NIFTY SMALLCAP 100,15-Mar-24,14779.05,14927.4,14566.85,14846.7
NIFTY SMALLCAP 100,14-Mar-24,14196.8,14803.1,14085.35,14788.55
NIFTY SMALLCAP 100,13-Mar-24,15113.8,15176.8,14213.55,14295.05
NIFTY SMALLCAP 100,12-Mar-24,15415.95,15421,15010.55,15092.1
NIFTY SMALLCAP 100,11-Mar-24,15777.05,15783.6,15368.35,15396.9
NIFTY SMALLCAP 100,07-Mar-24,15613.3,15746.2,15607.3,15709
NIFTY SMALLCAP 100,06-Mar-24,15823.75,15824.35,15357.2,15576.55
NIFTY SMALLCAP 100,05-Mar-24,16036.8,16037.7,15871.15,15888.1
NIFTY SMALLCAP 100,04-Mar-24,16195.75,16228.05,16045.95,16087.25
NIFTY SMALLCAP 100,02-Mar-24,16116.7,16178.8,16111.55,16170.15
NIFTY SMALLCAP 100,01-Mar-24,16076.05,16133.7,16025.7,16058.95
NIFTY SMALLCAP 100,29-Feb-24,15863.6,16028.2,15642.3,15976.2
NIFTY SMALLCAP 100,28-Feb-24,16241.2,16260,15795.8,15875.15
NIFTY SMALLCAP 100,27-Feb-24,16178.05,16240.35,16130.05,16177.7
NIFTY SMALLCAP 100,26-Feb-24,16221,16256.2,16117.8,16133.15
NIFTY SMALLCAP 100,23-Feb-24,16217.8,16226.35,16139.7,16175.2
NIFTY SMALLCAP 100,22-Feb-24,16081.5,16127,15836.5,16114.45
NIFTY SMALLCAP 100,21-Feb-24,16223.05,16268.6,15968.15,16004.85
NIFTY SMALLCAP 100,20-Feb-24,16305.15,16348.4,16144.2,16172.35
NIFTY SMALLCAP 100,19-Feb-24,16292.55,16331.45,16231.55,16258.3
NIFTY SMALLCAP 100,16-Feb-24,16200.55,16263.15,16164.5,16194
NIFTY SMALLCAP 100,15-Feb-24,16012.75,16120.6,16006.7,16105.2
NIFTY SMALLCAP 100,14-Feb-24,15453.75,15916.05,15389.6,15896.05
NIFTY SMALLCAP 100,13-Feb-24,15575.6,15664.9,15225.85,15643.75
NIFTY SMALLCAP 100,12-Feb-24,16286.75,16295.95,15560.3,15617.05
NIFTY SMALLCAP 100,09-Feb-24,16561.4,16565.2,16007.55,16269.3
NIFTY SMALLCAP 100,08-Feb-24,16670.25,16691.6,16471.8,16500.95
NIFTY SMALLCAP 100,07-Feb-24,16569.9,16653.45,16458.05,16566.2
NIFTY SMALLCAP 100,06-Feb-24,16433.8,16478.05,16283.05,16449.35
NIFTY SMALLCAP 100,05-Feb-24,16376.15,16531.75,16220.45,16319.75
NIFTY SMALLCAP 100,02-Feb-24,16253.2,16388.65,16225.25,16277.85
NIFTY SMALLCAP 100,01-Feb-24,16119.85,16142.3,15914.5,16127.2
NIFTY SMALLCAP 100,31-Jan-24,15756.7,16038.95,15737,16026.3
NIFTY SMALLCAP 100,30-Jan-24,15743.25,15817.4,15657.35,15673.8
NIFTY SMALLCAP 100,29-Jan-24,15503.25,15654.6,15497,15638.55
NIFTY SMALLCAP 100,25-Jan-24,15397.85,15435.3,15289.15,15409.4
NIFTY SMALLCAP 100,24-Jan-24,15109.8,15348.2,14910.3,15332.05
NIFTY SMALLCAP 100,23-Jan-24,15633.45,15665.7,15014.05,15073.05
NIFTY SMALLCAP 100,20-Jan-24,15553.65,15589.35,15477.7,15518.9
NIFTY SMALLCAP 100,19-Jan-24,15455.8,15561.25,15447.55,15487.45
NIFTY SMALLCAP 100,18-Jan-24,15333,15417.45,14936,15320.6
NIFTY SMALLCAP 100,17-Jan-24,15385.85,15550.35,15282.05,15348.35
NIFTY SMALLCAP 100,16-Jan-24,15620.75,15653.9,15376.2,15535.3
NIFTY SMALLCAP 100,15-Jan-24,15642.9,15687.1,15503.05,15610.5
NIFTY SMALLCAP 100,12-Jan-24,15568.55,15609.7,15526.9,15544.65
NIFTY SMALLCAP 100,11-Jan-24,15450.6,15496.25,15420.7,15476.45
NIFTY SMALLCAP 100,10-Jan-24,15445.4,15465.8,15288.3,15386.7
NIFTY SMALLCAP 100,09-Jan-24,15462.6,15506.8,15384.25,15409.7
NIFTY SMALLCAP 100,08-Jan-24,15511.65,15523.8,15326.85,15342.55
NIFTY SMALLCAP 100,05-Jan-24,15426.4,15458.05,15285.75,15438.85
NIFTY SMALLCAP 100,04-Jan-24,15265.5,15367.95,15263.45,15339.2
NIFTY SMALLCAP 100,03-Jan-24,15199.35,15226.95,15096.25,15188.8
NIFTY SMALLCAP 100,02-Jan-24,15269.45,15324.75,15015.2,15189.9
NIFTY SMALLCAP 100,01-Jan-24,15195.05,15274.35,15182.1,15226.1
NIFTY SMALLCAP 100,29-Dec-23,15114.95,15165,15019.8,15143.65
NIFTY SMALLCAP 100,28-Dec-23,15006.75,15062.7,14965.15,15051.25
NIFTY SMALLCAP 100,27-Dec-23,14953.1,14989.9,14821.9,14933.35
NIFTY SMALLCAP 100,26-Dec-23,14904.15,14914.15,14822.25,14866.45
NIFTY SMALLCAP 100,22-Dec-23,14786.1,14905.05,14713.45,14846.05
NIFTY SMALLCAP 100,21-Dec-23,14231.4,14711.75,14091.45,14687.95
NIFTY SMALLCAP 100,20-Dec-23,15033.3,15090.25,14349.6,14407.85
NIFTY SMALLCAP 100,19-Dec-23,15029,15046.25,14891.85,14951.2
NIFTY SMALLCAP 100,18-Dec-23,14940.55,15016.05,14813.9,14968.75
NIFTY SMALLCAP 100,15-Dec-23,14873,14913.4,14814.7,14885.8
NIFTY SMALLCAP 100,14-Dec-23,14785.4,14856.55,14771.2,14780.9
NIFTY SMALLCAP 100,13-Dec-23,14593.2,14668.55,14528.75,14656.55
NIFTY SMALLCAP 100,12-Dec-23,14606.45,14633.05,14493.35,14529.45
NIFTY SMALLCAP 100,11-Dec-23,14470.25,14544.2,14465.75,14525.65
NIFTY SMALLCAP 100,08-Dec-23,14612.1,14619.5,14321.55,14403.95
NIFTY SMALLCAP 100,07-Dec-23,14537.2,14592.25,14426.9,14562
NIFTY SMALLCAP 100,06-Dec-23,14502.25,14523.75,14414.5,14507.9
NIFTY SMALLCAP 100,05-Dec-23,14500.25,14547.15,14335.75,14453.55
NIFTY SMALLCAP 100,04-Dec-23,14495.85,14514.9,14360.95,14437.7
NIFTY SMALLCAP 100,01-Dec-23,14252.15,14305.1,14223.2,14239.3
NIFTY SMALLCAP 100,30-Nov-23,14062.95,14202.2,13977.8,14171.35
NIFTY SMALLCAP 100,29-Nov-23,13955.95,14036.3,13901.95,14012
NIFTY SMALLCAP 100,28-Nov-23,13922.45,13946,13838.8,13868.9
NIFTY SMALLCAP 100,24-Nov-23,13845.15,13905.35,13811.65,13827.5
NIFTY SMALLCAP 100,23-Nov-23,13697.8,13826.3,13696.45,13785.5
NIFTY SMALLCAP 100,22-Nov-23,13854.5,13870.55,13656.05,13689.95
NIFTY SMALLCAP 100,21-Nov-23,13954.9,13989.1,13837.75,13857.8
NIFTY SMALLCAP 100,20-Nov-23,13933.6,13970.2,13830.5,13872.8
NIFTY SMALLCAP 100,17-Nov-23,13862.15,13957,13821.4,13881.85
NIFTY SMALLCAP 100,16-Nov-23,13810.45,13912.25,13772,13869.05
NIFTY SMALLCAP 100,15-Nov-23,13781.5,13808.45,13725.25,13789.25
NIFTY SMALLCAP 100,13-Nov-23,13520.25,13629.1,13444.85,13610
NIFTY SMALLCAP 100,12-Nov-23,13508.8,13560.05,13504.35,13517.7
NIFTY SMALLCAP 100,10-Nov-23,13293.9,13382.75,13250.85,13365.2
NIFTY SMALLCAP 100,09-Nov-23,13388.95,13398.9,13292,13303.15
NIFTY SMALLCAP 100,08-Nov-23,13313.45,13401.95,13307.45,13335.15
NIFTY SMALLCAP 100,07-Nov-23,13178.4,13250.4,13109.45,13242.7
NIFTY SMALLCAP 100,06-Nov-23,13092.55,13158.95,13068.8,13144.65
NIFTY SMALLCAP 100,03-Nov-23,12910.2,12983.85,12907.45,12965.05
NIFTY SMALLCAP 100,02-Nov-23,12754.65,12826.9,12735.85,12809.9
NIFTY SMALLCAP 100,01-Nov-23,12689.15,12746.4,12627.05,12640.75
NIFTY SMALLCAP 100,31-Oct-23,12721.4,12755.75,12634.7,12649.9
NIFTY SMALLCAP 100,30-Oct-23,12715.15,12719.15,12560.45,12657.8
NIFTY SMALLCAP 100,27-Oct-23,12512.1,12672.05,12510.95,12639.3
NIFTY SMALLCAP 100,26-Oct-23,12388.5,12421.65,12048.75,12390.7
NIFTY SMALLCAP 100,25-Oct-23,12554.85,12645.85,12266,12433.5
NIFTY SMALLCAP 100,23-Oct-23,12990.3,13019.95,12424.35,12463.9
NIFTY SMALLCAP 100,20-Oct-23,13043.1,13086,12883.7,12927.4
NIFTY SMALLCAP 100,19-Oct-23,12989.25,13055,12922.15,13030.6
NIFTY SMALLCAP 100,18-Oct-23,13112,13148.3,12999.4,13010.45
NIFTY SMALLCAP 100,17-Oct-23,13057,13078,13020.2,13054.95
NIFTY SMALLCAP 100,16-Oct-23,12939.45,12984.85,12894.05,12941.65
NIFTY SMALLCAP 100,13-Oct-23,12931.65,12991.75,12884.3,12894.05
NIFTY SMALLCAP 100,12-Oct-23,12926.9,12968.3,12917.65,12950.95
NIFTY SMALLCAP 100,11-Oct-23,12837.45,12922.85,12835.75,12867.05
NIFTY SMALLCAP 100,10-Oct-23,12661.7,12768.95,12661.4,12760.25
NIFTY SMALLCAP 100,09-Oct-23,12683.7,12721.9,12567.45,12609
NIFTY SMALLCAP 100,06-Oct-23,12772.8,12849.65,12731.5,12837.1
NIFTY SMALLCAP 100,05-Oct-23,12747.45,12792.4,12681.95,12735.25
NIFTY SMALLCAP 100,04-Oct-23,12795.5,12795.5,12577.8,12656
NIFTY SMALLCAP 100,03-Oct-23,12763.55,12837.2,12718.95,12816.2
NIFTY SMALLCAP 100,29-Sep-23,12672.8,12790.1,12655.3,12748.5
NIFTY SMALLCAP 100,28-Sep-23,12731.6,12794.8,12597.35,12623.75
NIFTY SMALLCAP 100,27-Sep-23,12569.45,12685.65,12554,12675.5
NIFTY SMALLCAP 100,26-Sep-23,12510.15,12596.5,12503.4,12552.15
NIFTY SMALLCAP 100,25-Sep-23,12523.7,12543.65,12443.75,12481.55
NIFTY SMALLCAP 100,22-Sep-23,12476.2,12532.7,12333.85,12476.25
NIFTY SMALLCAP 100,21-Sep-23,12605.15,12658,12414.4,12444.45
NIFTY SMALLCAP 100,20-Sep-23,12707.95,12744.05,12539.85,12613.05
NIFTY SMALLCAP 100,18-Sep-23,12833.55,12851.2,12705.05,12725.2
NIFTY SMALLCAP 100,15-Sep-23,12811.2,12859.35,12748.7,12793.75
NIFTY SMALLCAP 100,14-Sep-23,12662.25,12768.6,12659.1,12741.95
NIFTY SMALLCAP 100,13-Sep-23,12462.75,12613.6,12296.85,12576.65
NIFTY SMALLCAP 100,12-Sep-23,13063.55,13079.2,12414.2,12450.2
NIFTY SMALLCAP 100,11-Sep-23,12935.5,13006.35,12929.45,12982.25
NIFTY SMALLCAP 100,08-Sep-23,12814.15,12843.1,12780.5,12812.3
NIFTY SMALLCAP 100,07-Sep-23,12722.05,12773.35,12674.9,12734.15
NIFTY SMALLCAP 100,06-Sep-23,12707,12721.45,12621.05,12674.9
NIFTY SMALLCAP 100,05-Sep-23,12641.3,12701.05,12550.75,12656.25
NIFTY SMALLCAP 100,04-Sep-23,12468.15,12595.5,12386.45,12550.75
NIFTY SMALLCAP 100,01-Sep-23,12291.35,12400.05,12268.2,12386.45
NIFTY SMALLCAP 100,31-Aug-23,12206.55,12264.55,12172.05,12243.65
NIFTY SMALLCAP 100,30-Aug-23,12109.55,12184,12104.8,12145.4
NIFTY SMALLCAP 100,29-Aug-23,12008.2,12040.65,12003.7,12021.65
NIFTY SMALLCAP 100,28-Aug-23,11927.75,11976.65,11892.4,11957.1
NIFTY SMALLCAP 100,25-Aug-23,11895.6,11954.8,11786.45,11869.45
NIFTY SMALLCAP 100,24-Aug-23,12035.9,12054.9,11904.95,11918.2
NIFTY SMALLCAP 100,23-Aug-23,11886.2,11981.25,11885.35,11960.2
NIFTY SMALLCAP 100,22-Aug-23,11798.7,11861.2,11797.55,11852.5
NIFTY SMALLCAP 100,21-Aug-23,11746,11768.85,11696.6,11756.8
NIFTY SMALLCAP 100,18-Aug-23,11740.25,11778.5,11657.9,11683.35
NIFTY SMALLCAP 100,17-Aug-23,11752.9,11811.15,11731.65,11745.3
NIFTY SMALLCAP 100,16-Aug-23,11651.7,11739.85,11618.25,11728.5
NIFTY SMALLCAP 100,14-Aug-23,11727.55,11728.3,11516.2,11662.4
NIFTY SMALLCAP 100,11-Aug-23,11818.65,11836.35,11734.55,11748.35
NIFTY SMALLCAP 100,10-Aug-23,11848,11869.5,11745.35,11769.95
NIFTY SMALLCAP 100,09-Aug-23,11790.4,11839.9,11765.4,11825.15
NIFTY SMALLCAP 100,08-Aug-23,11770,11779.6,11664.2,11755.95
NIFTY SMALLCAP 100,07-Aug-23,11782.05,11798.35,11710.4,11724.3
NIFTY SMALLCAP 100,04-Aug-23,11675,11765.1,11669.2,11698.05
NIFTY SMALLCAP 100,03-Aug-23,11581.15,11650.65,11521.6,11609.85
NIFTY SMALLCAP 100,02-Aug-23,11785.1,11791.55,11496.2,11596.05
NIFTY SMALLCAP 100,01-Aug-23,11750.1,11805.45,11746.05,11782.8
NIFTY SMALLCAP 100,31-Jul-23,11651,11712.9,11639,11702.85
NIFTY SMALLCAP 100,28-Jul-23,11610.15,11636.5,11560,11600.3
NIFTY SMALLCAP 100,27-Jul-23,11614.4,11663.3,11558.15,11578.75
NIFTY SMALLCAP 100,26-Jul-23,11576.2,11607.55,11558.15,11578.95
NIFTY SMALLCAP 100,25-Jul-23,11627.9,11648.05,11544.55,11558.9
NIFTY SMALLCAP 100,24-Jul-23,11585.7,11625.25,11548.2,11571.9
NIFTY SMALLCAP 100,21-Jul-23,11442.8,11542.65,11415.6,11529.7
NIFTY SMALLCAP 100,20-Jul-23,11431.6,11475.05,11406.65,11447.15
NIFTY SMALLCAP 100,19-Jul-23,11353.9,11419.3,11351.9,11404.95
NIFTY SMALLCAP 100,18-Jul-23,11465.65,11483.1,11262.7,11317.2
NIFTY SMALLCAP 100,17-Jul-23,11389.55,11464.2,11387.05,11424.1
NIFTY SMALLCAP 100,14-Jul-23,11219.1,11333.45,11213.35,11323.9
NIFTY SMALLCAP 100,13-Jul-23,11333.75,11355.3,11135.2,11165.85
NIFTY SMALLCAP 100,12-Jul-23,11246.6,11321.05,11243.95,11278.7
NIFTY SMALLCAP 100,11-Jul-23,11090.15,11204.85,11087.9,11193.95
NIFTY SMALLCAP 100,10-Jul-23,11165.1,11172.25,11042.5,11054.15
NIFTY SMALLCAP 100,07-Jul-23,11174.55,11216,11077.85,11118.6
NIFTY SMALLCAP 100,06-Jul-23,11091.85,11175.15,11083.6,11167.4
NIFTY SMALLCAP 100,05-Jul-23,11011.55,11087.6,10995.7,11078.25
NIFTY SMALLCAP 100,04-Jul-23,11036.35,11054.2,10936.75,10997.2
NIFTY SMALLCAP 100,03-Jul-23,10909.55,10986.5,10909.25,10970.25
NIFTY SMALLCAP 100,30-Jun-23,10817.95,10851.25,10817.55,10837.1
NIFTY SMALLCAP 100,28-Jun-23,10801.75,10832.5,10777.45,10791.35
NIFTY SMALLCAP 100,27-Jun-23,10733.3,10780,10727.85,10753.75
NIFTY SMALLCAP 100,26-Jun-23,10635.6,10699,10592.2,10689.85
NIFTY SMALLCAP 100,23-Jun-23,10757.5,10759.55,10582.65,10624.1
NIFTY SMALLCAP 100,22-Jun-23,10863.6,10896.15,10718.05,10750.1
NIFTY SMALLCAP 100,21-Jun-23,10874.15,10908.95,10816.05,10832.05
NIFTY SMALLCAP 100,20-Jun-23,10779.7,10834.5,10738.6,10824.8
NIFTY SMALLCAP 100,19-Jun-23,10793.45,10824.7,10749.6,10769.15
NIFTY SMALLCAP 100,16-Jun-23,10694.05,10783.95,10688.3,10740.5
NIFTY SMALLCAP 100,15-Jun-23,10651.45,10693.25,10620,10636.6
NIFTY SMALLCAP 100,14-Jun-23,10647,10654.8,10612.75,10620.35
NIFTY SMALLCAP 100,13-Jun-23,10582.95,10621.3,10568.15,10607.2
NIFTY SMALLCAP 100,12-Jun-23,10488.95,10541.7,10452.65,10533.7
NIFTY SMALLCAP 100,09-Jun-23,10481.35,10489.4,10419.15,10442.85
NIFTY SMALLCAP 100,08-Jun-23,10582.05,10587.45,10442.35,10455.3
NIFTY SMALLCAP 100,07-Jun-23,10460.2,10561.55,10459.1,10555.55
NIFTY SMALLCAP 100,06-Jun-23,10388.15,10421.9,10338,10415.25
NIFTY SMALLCAP 100,05-Jun-23,10379.45,10407.55,10349.15,10359.05
NIFTY SMALLCAP 100,02-Jun-23,10323.35,10365.45,10308.65,10321.6
NIFTY SMALLCAP 100,01-Jun-23,10199,10290.45,10193.75,10269.85
NIFTY SMALLCAP 100,31-May-23,10057.95,10181.05,10045.7,10166.1
NIFTY SMALLCAP 100,30-May-23,10054.65,10076.2,10032.35,10062.3
NIFTY SMALLCAP 100,29-May-23,10052.6,10068,10014.35,10040.6
NIFTY SMALLCAP 100,26-May-23,9985.15,10024.2,9967.65,10010.8
NIFTY SMALLCAP 100,25-May-23,9959.4,9989.15,9938.25,9957.95
NIFTY SMALLCAP 100,24-May-23,9936.25,10002.3,9908.35,9949.4
NIFTY SMALLCAP 100,23-May-23,9971.8,10018.4,9938.6,9948.25
NIFTY SMALLCAP 100,22-May-23,9863.9,9954.5,9820.1,9946.35
NIFTY SMALLCAP 100,19-May-23,9920.15,9925.55,9790.7,9891.7
NIFTY SMALLCAP 100,18-May-23,9987.95,10009.15,9869.2,9890
NIFTY SMALLCAP 100,17-May-23,9909.95,9957.4,9880.4,9937.5
NIFTY SMALLCAP 100,16-May-23,9923,9953.95,9873.05,9885.45
NIFTY SMALLCAP 100,15-May-23,9829.05,9897.15,9765.3,9887.05
NIFTY SMALLCAP 100,12-May-23,9892.65,9904.9,9792.65,9807.35
NIFTY SMALLCAP 100,11-May-23,9871.75,9914.95,9864.75,9881.1
NIFTY SMALLCAP 100,10-May-23,9836,9856.65,9769.75,9829.2
NIFTY SMALLCAP 100,09-May-23,9876.4,9919.45,9802.75,9815.45
NIFTY SMALLCAP 100,08-May-23,9780.05,9834.2,9746.9,9820.75
NIFTY SMALLCAP 100,05-May-23,9807.3,9833.1,9717.8,9729.75
NIFTY SMALLCAP 100,04-May-23,9757.4,9821.3,9750.25,9809.8
NIFTY SMALLCAP 100,03-May-23,9737.25,9782.8,9716.4,9732.55
NIFTY SMALLCAP 100,02-May-23,9719.85,9776.95,9709.9,9739.1
NIFTY SMALLCAP 100,28-Apr-23,9644.6,9683.8,9635.3,9672.55
NIFTY SMALLCAP 100,27-Apr-23,9537.6,9603.25,9532.4,9592.5
NIFTY SMALLCAP 100,26-Apr-23,9480.4,9525.25,9475.45,9516.3
NIFTY SMALLCAP 100,25-Apr-23,9445.8,9503.4,9425.9,9472.85
NIFTY SMALLCAP 100,24-Apr-23,9392.25,9440.95,9362,9424.95
NIFTY SMALLCAP 100,21-Apr-23,9435.65,9440.5,9326.75,9369.4
NIFTY SMALLCAP 100,20-Apr-23,9415.3,9429.5,9383.45,9400.9
NIFTY SMALLCAP 100,19-Apr-23,9413.6,9444.7,9375.75,9386.8
NIFTY SMALLCAP 100,18-Apr-23,9385.75,9419.4,9363.85,9396
NIFTY SMALLCAP 100,17-Apr-23,9327.05,9374.75,9286.8,9368.5
NIFTY SMALLCAP 100,13-Apr-23,9320.25,9358.05,9294.95,9337.3
NIFTY SMALLCAP 100,12-Apr-23,9286.75,9332.8,9270.25,9310.75
NIFTY SMALLCAP 100,11-Apr-23,9258.25,9286.6,9238.8,9261.55
NIFTY SMALLCAP 100,10-Apr-23,9235.7,9242.45,9188.4,9223.7
NIFTY SMALLCAP 100,06-Apr-23,9141.45,9210.05,9112.25,9198.35
NIFTY SMALLCAP 100,05-Apr-23,9084.95,9136.95,9074.95,9126.85
NIFTY SMALLCAP 100,03-Apr-23,9044.95,9093.6,9026.65,9061.6
NIFTY SMALLCAP 100,31-Mar-23,8904.65,9023.35,8903.3,8994.75
NIFTY SMALLCAP 100,29-Mar-23,8708.55,8867.95,8706.65,8852.1
NIFTY SMALLCAP 100,28-Mar-23,8786.9,8801.55,8682,8701.4
NIFTY SMALLCAP 100,27-Mar-23,8928.55,8945.75,8759.15,8781.65
NIFTY SMALLCAP 100,24-Mar-23,9074.05,9099.85,8903.55,8923.9
NIFTY SMALLCAP 100,23-Mar-23,9091.7,9125.6,9063.8,9075.5
NIFTY SMALLCAP 100,22-Mar-23,9091.15,9148.7,9087.4,9114.4
NIFTY SMALLCAP 100,21-Mar-23,9052.4,9084.5,9040.2,9065
NIFTY SMALLCAP 100,20-Mar-23,9052.85,9122.1,8948.65,9005.85
NIFTY SMALLCAP 100,17-Mar-23,9095.35,9135.85,9062.45,9094.6
NIFTY SMALLCAP 100,16-Mar-23,9066.5,9070.6,8925.15,9032.55
NIFTY SMALLCAP 100,15-Mar-23,9115.65,9160.65,9062,9080.15
NIFTY SMALLCAP 100,14-Mar-23,9123.15,9141.95,9007,9043.15
NIFTY SMALLCAP 100,13-Mar-23,9308.7,9333.1,9091,9118.5
NIFTY SMALLCAP 100,10-Mar-23,9350.1,9360.85,9282.15,9326.95
NIFTY SMALLCAP 100,09-Mar-23,9485.7,9511.45,9395.5,9410.9
NIFTY SMALLCAP 100,08-Mar-23,9409.6,9478.1,9364.25,9462.15
NIFTY SMALLCAP 100,06-Mar-23,9392.15,9484.65,9386.75,9442.1
NIFTY SMALLCAP 100,03-Mar-23,9296.8,9366.1,9295.55,9337.35
NIFTY SMALLCAP 100,02-Mar-23,9282.05,9306,9250.25,9262.5
NIFTY SMALLCAP 100,01-Mar-23,9162.05,9286.2,9153.25,9278
NIFTY SMALLCAP 100,28-Feb-23,9146.25,9176.65,9117.6,9155.6
NIFTY SMALLCAP 100,27-Feb-23,9215.2,9216.5,9053.2,9118.25
NIFTY SMALLCAP 100,24-Feb-23,9278.6,9314.95,9208.25,9221.8
NIFTY SMALLCAP 100,23-Feb-23,9265.25,9276.8,9158.35,9237.65
NIFTY SMALLCAP 100,22-Feb-23,9321.55,9342.65,9219.9,9244.8
NIFTY SMALLCAP 100,21-Feb-23,9404.95,9413,9338.8,9351.45
NIFTY SMALLCAP 100,20-Feb-23,9444.55,9455.75,9356.45,9385.2
NIFTY SMALLCAP 100,17-Feb-23,9445.4,9496.25,9402.55,9417.55
NIFTY SMALLCAP 100,16-Feb-23,9411.2,9496,9410.45,9471.5
NIFTY SMALLCAP 100,15-Feb-23,9320,9387.2,9315.45,9378.85
NIFTY SMALLCAP 100,14-Feb-23,9389.9,9409.5,9316.3,9350.7
NIFTY SMALLCAP 100,13-Feb-23,9535.1,9538,9375.45,9388.05
NIFTY SMALLCAP 100,10-Feb-23,9453.95,9549.9,9450.8,9526.4
NIFTY SMALLCAP 100,09-Feb-23,9487.4,9491.05,9433.9,9475.05
NIFTY SMALLCAP 100,08-Feb-23,9413.75,9487.4,9385.3,9478.9
NIFTY SMALLCAP 100,07-Feb-23,9491.8,9495,9371.6,9399.65
NIFTY SMALLCAP 100,06-Feb-23,9436.05,9504.85,9430.7,9466.4
NIFTY SMALLCAP 100,03-Feb-23,9473.4,9507.1,9311.3,9415.55
NIFTY SMALLCAP 100,02-Feb-23,9342.8,9522.7,9328.05,9448.3
NIFTY SMALLCAP 100,01-Feb-23,9567.05,9651.65,9262.45,9392.75
NIFTY SMALLCAP 100,31-Jan-23,9265.3,9526.25,9233.6,9501.75
NIFTY SMALLCAP 100,30-Jan-23,9242.95,9351.4,9185.95,9233
NIFTY SMALLCAP 100,27-Jan-23,9442.55,9482.8,9155.25,9242.7
NIFTY SMALLCAP 100,25-Jan-23,9523.85,9532.85,9397.5,9420.95
NIFTY SMALLCAP 100,24-Jan-23,9589.05,9606.1,9516.15,9531.1
NIFTY SMALLCAP 100,23-Jan-23,9603.75,9611.8,9551.3,9566.5
NIFTY SMALLCAP 100,20-Jan-23,9645.9,9651.85,9555.55,9569.1
NIFTY SMALLCAP 100,19-Jan-23,9643,9663.9,9609.25,9623.6
NIFTY SMALLCAP 100,18-Jan-23,9680.25,9706.3,9658.45,9670.85
NIFTY SMALLCAP 100,17-Jan-23,9677,9688.75,9616.05,9665
NIFTY SMALLCAP 100,16-Jan-23,9705.45,9739.35,9658.3,9668.95
NIFTY SMALLCAP 100,13-Jan-23,9669.55,9689.05,9626.35,9675.7
NIFTY SMALLCAP 100,12-Jan-23,9679,9704.1,9596.85,9647.65
NIFTY SMALLCAP 100,11-Jan-23,9685.95,9716.35,9637.4,9647.7
NIFTY SMALLCAP 100,10-Jan-23,9727.85,9734.45,9621.75,9652.25
NIFTY SMALLCAP 100,09-Jan-23,9720.35,9765.35,9682.4,9709.5
NIFTY SMALLCAP 100,06-Jan-23,9746.75,9753.25,9616.3,9656.05
NIFTY SMALLCAP 100,05-Jan-23,9763.55,9778.7,9653.4,9735.25
NIFTY SMALLCAP 100,04-Jan-23,9843.05,9854.7,9687.75,9731.9
NIFTY SMALLCAP 100,03-Jan-23,9822.55,9848.3,9795.55,9825.35
NIFTY SMALLCAP 100,02-Jan-23,9756.05,9807.25,9704.35,9798.6
NIFTY SMALLCAP 100,30-Dec-22,9720.4,9792.8,9710.4,9731.3
NIFTY SMALLCAP 100,29-Dec-22,9599.95,9670,9561.55,9658.95
NIFTY SMALLCAP 100,28-Dec-22,9642.95,9665.8,9567.1,9639.1
NIFTY SMALLCAP 100,27-Dec-22,9610.2,9695.25,9542.6,9645.8
NIFTY SMALLCAP 100,26-Dec-22,9176.2,9547.8,9103,9532.6
NIFTY SMALLCAP 100,23-Dec-22,9537.75,9565,9159.15,9182.55
NIFTY SMALLCAP 100,22-Dec-22,9837.35,9881.9,9545.4,9637.5
NIFTY SMALLCAP 100,21-Dec-22,10054.1,10087.85,9767.3,9795.3
NIFTY SMALLCAP 100,20-Dec-22,10064.35,10095.25,9943.9,10020.2
NIFTY SMALLCAP 100,19-Dec-22,10067.1,10097.1,10009.75,10064
NIFTY SMALLCAP 100,16-Dec-22,10054.5,10146.5,9976.5,10017.45
NIFTY SMALLCAP 100,15-Dec-22,10147.7,10178.85,10061.85,10080.95
NIFTY SMALLCAP 100,14-Dec-22,10109.1,10165.85,10081.8,10138.85
NIFTY SMALLCAP 100,13-Dec-22,10071.15,10091.55,10039.3,10067.45
NIFTY SMALLCAP 100,12-Dec-22,9975.9,10032.4,9895.75,10024.5
NIFTY SMALLCAP 100,09-Dec-22,10118.4,10134.4,9900.55,9969.6
NIFTY SMALLCAP 100,08-Dec-22,10066.7,10104.35,10053.15,10080.7
NIFTY SMALLCAP 100,07-Dec-22,10130.55,10149,10024.2,10047.4
NIFTY SMALLCAP 100,06-Dec-22,10117.25,10146.15,10078.5,10106.9
NIFTY SMALLCAP 100,05-Dec-22,10119.7,10153.7,10083.85,10123.3
NIFTY SMALLCAP 100,02-Dec-22,10029.95,10089.05,10018.8,10079.95
NIFTY SMALLCAP 100,01-Dec-22,10040.4,10073.2,10000.75,10019.4
NIFTY SMALLCAP 100,30-Nov-22,9947.5,9992.95,9926.05,9976.05
NIFTY SMALLCAP 100,29-Nov-22,9992.9,10020.1,9896.25,9916.05
NIFTY SMALLCAP 100,28-Nov-22,9853.5,9977.05,9847.4,9971.2
NIFTY SMALLCAP 100,25-Nov-22,9769.75,9864.3,9768.35,9849.7
NIFTY SMALLCAP 100,24-Nov-22,9724.55,9755.1,9711.15,9740.65
NIFTY SMALLCAP 100,23-Nov-22,9675.3,9707.15,9662.7,9691.3
NIFTY SMALLCAP 100,22-Nov-22,9658.05,9669.8,9619.1,9639.7
NIFTY SMALLCAP 100,21-Nov-22,9628.4,9667.5,9591.05,9636.9
NIFTY SMALLCAP 100,18-Nov-22,9680.75,9702.6,9570.7,9613.6
NIFTY SMALLCAP 100,17-Nov-22,9690.7,9705.55,9649.25,9663.5
NIFTY SMALLCAP 100,16-Nov-22,9786.6,9796.75,9666.75,9696.55
NIFTY SMALLCAP 100,15-Nov-22,9785.8,9786.95,9735.65,9777.3
NIFTY SMALLCAP 100,14-Nov-22,9732.75,9769.85,9669.9,9752.25
NIFTY SMALLCAP 100,11-Nov-22,9775,9809.75,9691.45,9705.35
NIFTY SMALLCAP 100,10-Nov-22,9757.7,9798.45,9617.85,9668.6
NIFTY SMALLCAP 100,09-Nov-22,9864.55,9865.8,9762.25,9781.5
NIFTY SMALLCAP 100,07-Nov-22,9807.55,9846.3,9773.7,9836.3
NIFTY SMALLCAP 100,04-Nov-22,9753.25,9778.3,9726.9,9755.7
NIFTY SMALLCAP 100,03-Nov-22,9667.25,9751.15,9656.2,9719.65
NIFTY SMALLCAP 100,02-Nov-22,9723.25,9751.95,9679.05,9696.15
NIFTY SMALLCAP 100,01-Nov-22,9714.55,9745.85,9674.15,9707.85
NIFTY SMALLCAP 100,31-Oct-22,9710,9723.45,9656.8,9686.1
NIFTY SMALLCAP 100,28-Oct-22,9789,9801.75,9662.6,9673.05
NIFTY SMALLCAP 100,27-Oct-22,9787.6,9797.2,9726.75,9770.65
NIFTY SMALLCAP 100,25-Oct-22,9762.1,9775.5,9679.8,9730.3
NIFTY SMALLCAP 100,24-Oct-22,9770.6,9787.3,9726.8,9743.05
NIFTY SMALLCAP 100,21-Oct-22,9698,9731.65,9612.85,9653.5
NIFTY SMALLCAP 100,20-Oct-22,9618.4,9679.55,9578.75,9667.05
NIFTY SMALLCAP 100,19-Oct-22,9667.25,9687.45,9626.25,9656.05
NIFTY SMALLCAP 100,18-Oct-22,9614.35,9646.6,9595.2,9633.5
NIFTY SMALLCAP 100,17-Oct-22,9499.35,9587.8,9428.1,9561.15
NIFTY SMALLCAP 100,14-Oct-22,9654.45,9670.7,9503.5,9518.45
NIFTY SMALLCAP 100,13-Oct-22,9555.15,9581.05,9463.85,9506.35
NIFTY SMALLCAP 100,12-Oct-22,9508.3,9563.15,9425.6,9553.8
NIFTY SMALLCAP 100,11-Oct-22,9672.35,9702.3,9453.75,9477.85
NIFTY SMALLCAP 100,10-Oct-22,9596.65,9663.45,9557.65,9641.6
NIFTY SMALLCAP 100,07-Oct-22,9655.85,9693.8,9610.05,9686.1
NIFTY SMALLCAP 100,06-Oct-22,9614.5,9702.3,9612.25,9663.25
NIFTY SMALLCAP 100,04-Oct-22,9542.75,9559.4,9486.05,9544.45
NIFTY SMALLCAP 100,03-Oct-22,9438.8,9489.95,9318.4,9379.15
NIFTY SMALLCAP 100,30-Sep-22,9296.5,9455.8,9222.45,9441.8
NIFTY SMALLCAP 100,29-Sep-22,9345.1,9395.05,9229.4,9293.9
NIFTY SMALLCAP 100,28-Sep-22,9232.65,9324.7,9191.9,9235.55
NIFTY SMALLCAP 100,27-Sep-22,9320.55,9401.2,9222.45,9285.95
NIFTY SMALLCAP 100,26-Sep-22,9506.25,9508.15,9171.65,9262.55
NIFTY SMALLCAP 100,23-Sep-22,9815.7,9841.25,9577.6,9589.45
NIFTY SMALLCAP 100,22-Sep-22,9709.05,9814.8,9684.3,9789.5
NIFTY SMALLCAP 100,21-Sep-22,9850.5,9890.65,9698.75,9731.25
NIFTY SMALLCAP 100,20-Sep-22,9801.15,9880.9,9800.7,9832.25
NIFTY SMALLCAP 100,19-Sep-22,9834.8,9872.2,9692.05,9724.4
NIFTY SMALLCAP 100,16-Sep-22,10068.6,10084.1,9746.6,9817
NIFTY SMALLCAP 100,15-Sep-22,10133.8,10180.55,10043.65,10074.95
NIFTY SMALLCAP 100,14-Sep-22,9933.1,10104.35,9919.45,10076.7
NIFTY SMALLCAP 100,13-Sep-22,10124.55,10144.75,10068.75,10084
NIFTY SMALLCAP 100,12-Sep-22,10012.15,10080.05,9999.95,10068.35
NIFTY SMALLCAP 100,09-Sep-22,9995.15,10011.95,9894.75,9936.35
NIFTY SMALLCAP 100,08-Sep-22,9934.85,9959.75,9885.45,9930.3
NIFTY SMALLCAP 100,07-Sep-22,9723.55,9849.9,9707.75,9836.2
NIFTY SMALLCAP 100,06-Sep-22,9795.15,9824.75,9694.1,9759.85
NIFTY SMALLCAP 100,05-Sep-22,9659.55,9739.9,9646.3,9731.4
NIFTY SMALLCAP 100,02-Sep-22,9691.45,9711.1,9604.65,9617.05
NIFTY SMALLCAP 100,01-Sep-22,9581.7,9669.05,9572,9633.75
NIFTY SMALLCAP 100,30-Aug-22,9572.55,9632.55,9572.1,9621.95
NIFTY SMALLCAP 100,29-Aug-22,9303.75,9519,9303.4,9502.2
NIFTY SMALLCAP 100,26-Aug-22,9581.7,9625.2,9565.1,9596.7
NIFTY SMALLCAP 100,25-Aug-22,9541.35,9597.8,9514.95,9529.55
NIFTY SMALLCAP 100,24-Aug-22,9425.9,9498.7,9424.9,9487.15
NIFTY SMALLCAP 100,23-Aug-22,9245.75,9433.35,9231.75,9410.1
NIFTY SMALLCAP 100,22-Aug-22,9433.6,9433.65,9292.6,9303.95
NIFTY SMALLCAP 100,19-Aug-22,9597.6,9630.75,9437.3,9457.8
NIFTY SMALLCAP 100,18-Aug-22,9576.4,9605.25,9550.35,9573.8
NIFTY SMALLCAP 100,17-Aug-22,9550.5,9597.45,9544.25,9558.3
NIFTY SMALLCAP 100,16-Aug-22,9478.9,9526.4,9459.5,9511.55
NIFTY SMALLCAP 100,12-Aug-22,9417.6,9458.1,9404.5,9421.6
NIFTY SMALLCAP 100,11-Aug-22,9398.15,9410.7,9366.2,9397.95
NIFTY SMALLCAP 100,10-Aug-22,9386.55,9393.75,9294.6,9316.7
NIFTY SMALLCAP 100,08-Aug-22,9329.85,9358.7,9276.5,9349.65
NIFTY SMALLCAP 100,05-Aug-22,9358.7,9395.15,9304,9318
NIFTY SMALLCAP 100,04-Aug-22,9410.25,9452.2,9193.55,9323.4
NIFTY SMALLCAP 100,03-Aug-22,9424.55,9453.9,9302.8,9357.45
NIFTY SMALLCAP 100,02-Aug-22,9328.8,9422.55,9295.65,9402.8
NIFTY SMALLCAP 100,01-Aug-22,9230.5,9350.3,9173.15,9336.65
NIFTY SMALLCAP 100,29-Jul-22,9084.15,9184.35,9076.4,9171.2
NIFTY SMALLCAP 100,28-Jul-22,8999.6,9024.4,8964.6,9017.95
NIFTY SMALLCAP 100,27-Jul-22,8925.2,8949.35,8889.85,8941.55
NIFTY SMALLCAP 100,26-Jul-22,9074.3,9078.55,8929.55,8941.15
NIFTY SMALLCAP 100,25-Jul-22,9125.5,9142.25,9035.25,9075.9
NIFTY SMALLCAP 100,22-Jul-22,9136.15,9153.2,9082.95,9128.75
NIFTY SMALLCAP 100,21-Jul-22,9055.2,9104.15,9016.55,9094.9
NIFTY SMALLCAP 100,20-Jul-22,9047.25,9093.1,9006.1,9025.4
NIFTY SMALLCAP 100,19-Jul-22,8856.4,8963.95,8838.6,8953.25
NIFTY SMALLCAP 100,18-Jul-22,8788.1,8875.25,8787,8863.2
NIFTY SMALLCAP 100,15-Jul-22,8710.7,8732.85,8646.5,8724.35
NIFTY SMALLCAP 100,14-Jul-22,8808.4,8825.65,8652.65,8694.7
NIFTY SMALLCAP 100,13-Jul-22,8833.8,8855.75,8774.85,8795.15
NIFTY SMALLCAP 100,12-Jul-22,8800.2,8842.8,8761.45,8775.8
NIFTY SMALLCAP 100,11-Jul-22,8713.05,8817.3,8697.5,8812.65
NIFTY SMALLCAP 100,08-Jul-22,8767.35,8782.5,8710.05,8730.1
NIFTY SMALLCAP 100,07-Jul-22,8644.9,8713.65,8623.95,8703.55
NIFTY SMALLCAP 100,06-Jul-22,8546.05,8577.2,8451.25,8568.65
NIFTY SMALLCAP 100,05-Jul-22,8573.15,8639,8515.55,8526.5
NIFTY SMALLCAP 100,04-Jul-22,8495.35,8545.05,8490,8532.15
NIFTY SMALLCAP 100,01-Jul-22,8435.9,8490.95,8348.3,8477.55
NIFTY SMALLCAP 100,30-Jun-22,8504.3,8565.4,8419.2,8445.25
NIFTY SMALLCAP 100,29-Jun-22,8434.7,8522,8417.4,8484.3
NIFTY SMALLCAP 100,28-Jun-22,8535.55,8540.9,8457.25,8532.5
NIFTY SMALLCAP 100,27-Jun-22,8509.6,8584.45,8486.65,8561.7
NIFTY SMALLCAP 100,24-Jun-22,8319.6,8400.85,8312.95,8390.65
NIFTY SMALLCAP 100,23-Jun-22,8170.25,8261.05,8136.5,8245.7
NIFTY SMALLCAP 100,22-Jun-22,8229.45,8230.95,8123.65,8138.9
NIFTY SMALLCAP 100,21-Jun-22,8064.65,8275.95,8052.55,8255.5
NIFTY SMALLCAP 100,20-Jun-22,8259.75,8284.3,7904.9,7982.55
NIFTY SMALLCAP 100,17-Jun-22,8272.6,8341.4,8149.5,8246.5
NIFTY SMALLCAP 100,16-Jun-22,8714.5,8737.4,8296.45,8313.35
NIFTY SMALLCAP 100,15-Jun-22,8612.05,8645.35,8583.65,8607.85
NIFTY SMALLCAP 100,14-Jun-22,8548.75,8692.9,8531.85,8556.8
NIFTY SMALLCAP 100,13-Jun-22,8770.45,8775,8591.25,8607.6
NIFTY SMALLCAP 100,10-Jun-22,8959.85,9000.9,8934.95,8955.2
NIFTY SMALLCAP 100,09-Jun-22,8993.05,9065.05,8965.05,9054.6
NIFTY SMALLCAP 100,08-Jun-22,9107.85,9141.4,8995.8,9035.35
NIFTY SMALLCAP 100,07-Jun-22,9062.9,9102.8,9005.95,9062.15
NIFTY SMALLCAP 100,06-Jun-22,9193.1,9204,9028.7,9115.9
NIFTY SMALLCAP 100,03-Jun-22,9381.95,9408,9188.15,9210.25
NIFTY SMALLCAP 100,02-Jun-22,9230.65,9304.65,9213.95,9290.55
NIFTY SMALLCAP 100,01-Jun-22,9259.05,9336.45,9167.8,9233.85
NIFTY SMALLCAP 100,31-May-22,9093,9241.15,9057.2,9208.5
NIFTY SMALLCAP 100,30-May-22,8944.35,9105.15,8925.1,9095.95
NIFTY SMALLCAP 100,27-May-22,8807.5,8874,8752.05,8824.05
NIFTY SMALLCAP 100,26-May-22,8675.8,8719.95,8429.95,8705.25
NIFTY SMALLCAP 100,25-May-22,8988.05,9005.6,8627.7,8638.95
NIFTY SMALLCAP 100,24-May-22,9097.9,9118.45,8930.4,8948.85
NIFTY SMALLCAP 100,23-May-22,9172.9,9192.35,9049.35,9063.35
NIFTY SMALLCAP 100,20-May-22,9060.2,9148.15,9030.9,9136.1
NIFTY SMALLCAP 100,19-May-22,8915.35,8996.75,8859.05,8912.3
NIFTY SMALLCAP 100,18-May-22,9248.95,9305.7,9132.15,9158
NIFTY SMALLCAP 100,17-May-22,8980.25,9209.85,8933.35,9193.7
NIFTY SMALLCAP 100,16-May-22,8864.15,8916,8734.85,8895.25
NIFTY SMALLCAP 100,13-May-22,8865.95,8981.1,8771,8796.65
NIFTY SMALLCAP 100,12-May-22,8790.3,8813.2,8625.45,8714.35
NIFTY SMALLCAP 100,11-May-22,9205.7,9244.45,8688.75,8880.65
NIFTY SMALLCAP 100,10-May-22,9339.55,9481,9117.45,9146.8
NIFTY SMALLCAP 100,09-May-22,9495.6,9505.2,9315.7,9356.15
NIFTY SMALLCAP 100,06-May-22,9606.55,9621.45,9482.2,9559.15
NIFTY SMALLCAP 100,05-May-22,10000.9,10018.7,9792.8,9807.1
NIFTY SMALLCAP 100,04-May-22,10172.9,10206.2,9844.3,9881.45
NIFTY SMALLCAP 100,02-May-22,10162.75,10193.7,10082.4,10119.65
NIFTY SMALLCAP 100,29-Apr-22,10440.1,10458.75,10231.35,10256.95
NIFTY SMALLCAP 100,28-Apr-22,10432.55,10445.5,10271.4,10376.9
NIFTY SMALLCAP 100,27-Apr-22,10315.6,10362.65,10224.35,10339.25
NIFTY SMALLCAP 100,26-Apr-22,10399.05,10434.55,10350.85,10402.45
NIFTY SMALLCAP 100,25-Apr-22,10446.55,10448.1,10266.2,10282.6
NIFTY SMALLCAP 100,22-Apr-22,10530.5,10646.9,10509.2,10537.2
NIFTY SMALLCAP 100,21-Apr-22,10510.35,10596.2,10509.6,10571.05
NIFTY SMALLCAP 100,20-Apr-22,10491.3,10573,10388.35,10409.85
NIFTY SMALLCAP 100,19-Apr-22,10677.05,10730.7,10324.55,10428.15
NIFTY SMALLCAP 100,18-Apr-22,10679.15,10679.15,10533.2,10603.7
NIFTY SMALLCAP 100,13-Apr-22,10812.4,10850.65,10728.35,10738
NIFTY SMALLCAP 100,12-Apr-22,10887.95,10887.95,10615.45,10717.5
NIFTY SMALLCAP 100,11-Apr-22,10929.9,10989.55,10876.6,10890.1
NIFTY SMALLCAP 100,08-Apr-22,10925.95,10967.1,10876.5,10896.55
NIFTY SMALLCAP 100,07-Apr-22,10921.15,11001.5,10809.65,10854.5
NIFTY SMALLCAP 100,06-Apr-22,10871.95,10943.85,10829.75,10888.35
NIFTY SMALLCAP 100,05-Apr-22,10866.1,10920.4,10830,10875.35
NIFTY SMALLCAP 100,04-Apr-22,10693.35,10789.4,10689.6,10783.55
NIFTY SMALLCAP 100,01-Apr-22,10458.8,10619.65,10446.15,10611.25
NIFTY SMALLCAP 100,31-Mar-22,10413,10478.95,10403.7,10436.25
NIFTY SMALLCAP 100,30-Mar-22,10361.2,10405.5,10341.2,10364.3
NIFTY SMALLCAP 100,29-Mar-22,10285.65,10318,10227.55,10264.55
NIFTY SMALLCAP 100,28-Mar-22,10355.45,10368.4,10173.65,10229.6
NIFTY SMALLCAP 100,25-Mar-22,10420.6,10436.4,10289.65,10304.45
NIFTY SMALLCAP 100,24-Mar-22,10280.25,10370.8,10265.1,10355.65
NIFTY SMALLCAP 100,23-Mar-22,10403.05,10431.05,10291.45,10311
NIFTY SMALLCAP 100,22-Mar-22,10333.35,10341.05,10233.5,10332.2
NIFTY SMALLCAP 100,21-Mar-22,10351.35,10381.5,10267.2,10303.1
NIFTY SMALLCAP 100,17-Mar-22,10284.9,10303.8,10243.25,10279.05
NIFTY SMALLCAP 100,16-Mar-22,10175,10201.25,10110.8,10154.2
NIFTY SMALLCAP 100,15-Mar-22,10240.4,10270.8,9995.35,10036.6
NIFTY SMALLCAP 100,14-Mar-22,10197.7,10224.45,10092.35,10180.35
NIFTY SMALLCAP 100,11-Mar-22,10055.15,10198.65,10018.4,10158.4
NIFTY SMALLCAP 100,10-Mar-22,10168.15,10175.45,10010.1,10066.5
